{"cameraMode":{"drawMode":0,"name":"Shaded","section":"Shading Mode"},"sceneLighting":true,"audioPlay":false,"sceneViewState":{"m_AlwaysRefresh":false,"showFog":true,"showSkybox":true,"showFlares":true,"showImageEffects":true,"showParticleSystems":true,"showVisualEffectGraphs":true,"m_FxEnabled":true},"in2DMode":false,"pivot":{"x":17.206127166748048,"y":-2.9776721000671388,"z":4.4764790534973148},"rotation":{"x":0.0021772701293230058,"y":0.9383895993232727,"z":-0.3455296456813812,"w":0.005912841763347387},"size":22.08478546142578,"orthographic":false}