{"cameraMode":{"drawMode":0,"name":"Shaded","section":"Shading Mode"},"sceneLighting":false,"audioPlay":false,"sceneViewState":{"m_AlwaysRefresh":false,"showFog":true,"showSkybox":false,"showFlares":true,"showImageEffects":true,"showParticleSystems":true,"showVisualEffectGraphs":true,"m_FxEnabled":true},"in2DMode":false,"pivot":{"x":0.9500589370727539,"y":1.4071550369262696,"z":-8.23763370513916},"rotation":{"x":0.008716736920177937,"y":-0.9879459142684937,"z":0.1426495611667633,"w":0.060278356075286868},"size":6.7984514236450199,"orthographic":false}